{
  "..\\node_modules\\@web3auth\\modal\\dist\\modal.esm.js -> @web3auth/metamask-adapter": {
    "id": 94429,
    "files": [
      "static/chunks/4429.190df4557f2debdd.js"
    ]
  },
  "..\\node_modules\\@web3auth\\modal\\dist\\modal.esm.js -> @web3auth/openlogin-adapter": {
    "id": 86094,
    "files": [
      "static/chunks/29107295.46d7d1929d94c0a9.js",
      "static/chunks/3482-4e229f877441db49.js",
      "static/chunks/1576-fe37a3fdb0b15d18.js",
      "static/chunks/7845.32845ba49dcd7074.js",
      "static/chunks/966.a8a996bc4c86fb56.js"
    ]
  },
  "..\\node_modules\\@web3auth\\modal\\dist\\modal.esm.js -> @web3auth/phantom-adapter": {
    "id": 42848,
    "files": [
      "static/chunks/29107295.46d7d1929d94c0a9.js",
      "static/chunks/8015bd09.b5354a5a2b13ca39.js",
      "static/chunks/3482-4e229f877441db49.js",
      "static/chunks/1576-fe37a3fdb0b15d18.js",
      "static/chunks/7845.32845ba49dcd7074.js",
      "static/chunks/108.63a648679905a4fd.js",
      "static/chunks/6931.ca4e5ea745173180.js",
      "static/chunks/9664.c992925af0dfa71a.js"
    ]
  },
  "..\\node_modules\\@web3auth\\modal\\dist\\modal.esm.js -> @web3auth/torus-evm-adapter": {
    "id": 6598,
    "files": [
      "static/chunks/3482-4e229f877441db49.js",
      "static/chunks/6598.fb9ab5cab4c6c48c.js",
      "static/chunks/3978.2172d0f7456c19e9.js"
    ]
  },
  "..\\node_modules\\@web3auth\\modal\\dist\\modal.esm.js -> @web3auth/torus-solana-adapter": {
    "id": 94423,
    "files": [
      "static/chunks/29107295.46d7d1929d94c0a9.js",
      "static/chunks/8015bd09.b5354a5a2b13ca39.js",
      "static/chunks/3482-4e229f877441db49.js",
      "static/chunks/1576-fe37a3fdb0b15d18.js",
      "static/chunks/7845.32845ba49dcd7074.js",
      "static/chunks/108.63a648679905a4fd.js",
      "static/chunks/6931.ca4e5ea745173180.js",
      "static/chunks/4423.cab1557553af9c12.js",
      "static/chunks/3226.311231906a9f0104.js"
    ]
  },
  "..\\node_modules\\@web3auth\\modal\\dist\\modal.esm.js -> @web3auth/wallet-connect-v1-adapter": {
    "id": 21357,
    "files": [
      "static/chunks/29107295.46d7d1929d94c0a9.js",
      "static/chunks/057051ab.f9c96d006cad58f8.js",
      "static/chunks/3482-4e229f877441db49.js",
      "static/chunks/1576-fe37a3fdb0b15d18.js",
      "static/chunks/7845.32845ba49dcd7074.js",
      "static/chunks/4146-5b40de9235d32f71.js",
      "static/chunks/465-49c41a040a48d58a.js",
      "static/chunks/2062.7272ca9810a6b16a.js",
      "static/chunks/8909.87ae3e837cd1ad1b.js"
    ]
  },
  "..\\node_modules\\@web3auth\\openlogin-adapter\\dist\\openloginAdapter.esm.js -> @toruslabs/openlogin-ed25519": {
    "id": 33946,
    "files": [
      "static/chunks/108.63a648679905a4fd.js",
      "static/chunks/5418.aec1456e80967d9a.js"
    ]
  },
  "..\\node_modules\\@web3auth\\openlogin-adapter\\dist\\openloginAdapter.esm.js -> @web3auth/ethereum-provider": {
    "id": 52062,
    "files": [
      "static/chunks/057051ab.f9c96d006cad58f8.js",
      "static/chunks/4146-5b40de9235d32f71.js",
      "static/chunks/2062.7272ca9810a6b16a.js",
      "static/chunks/4133.38504ddb0424e01c.js"
    ]
  },
  "..\\node_modules\\@web3auth\\openlogin-adapter\\dist\\openloginAdapter.esm.js -> @web3auth/solana-provider": {
    "id": 44445,
    "files": [
      "static/chunks/8015bd09.b5354a5a2b13ca39.js",
      "static/chunks/108.63a648679905a4fd.js",
      "static/chunks/6931.ca4e5ea745173180.js",
      "static/chunks/992.b9c4255c70d5f691.js"
    ]
  },
  "..\\node_modules\\@web3auth\\ui\\dist\\index.js -> ./german-accb2072.js": {
    "id": 24353,
    "files": [
      "static/chunks/4353.58ea70ee8bb9d4b2.js"
    ]
  },
  "..\\node_modules\\@web3auth\\ui\\dist\\index.js -> ./japanese-f51959d8.js": {
    "id": 82476,
    "files": [
      "static/chunks/2476.2e6a2e2d9927ead1.js"
    ]
  },
  "..\\node_modules\\@web3auth\\ui\\dist\\index.js -> ./korean-f9e31318.js": {
    "id": 55567,
    "files": [
      "static/chunks/5567.395ee261e889fb25.js"
    ]
  },
  "..\\node_modules\\@web3auth\\ui\\dist\\index.js -> ./mandarin-bd78ed9f.js": {
    "id": 93214,
    "files": [
      "static/chunks/3214.2862b8fc74c308f2.js"
    ]
  },
  "..\\node_modules\\@web3auth\\ui\\dist\\index.js -> ./spanish-3612552d.js": {
    "id": 77032,
    "files": [
      "static/chunks/7032.d4fddff4f08f8af2.js"
    ]
  }
}